Workbook

Sheet 0. 표지
K3: 문서번호 | L3: J.W.P. MagicShop-250825
K4: 작성자 | L4: 취약점진단팀
K5: 보안등급 | L5: Confidential
K6: Ver | L6: ver 1.0
B11: "J.W.P. MagicShop" 취약점 진단
B13: WEB 서버 진단 상세결과
B18: 45894

Sheet 1. 진단 대상
B1: ※ 진단 대상 리스트 - WEB 1대 (Apache 1대)
B2: 순번 | C2: 진단 대상 | G2: 비고
C3: Hostname | D3: IP Address | E3: 버전정보 | F3: 용도
B4: Apache
B5: 1 | C5: jwp-web-01 | D5: 10.0.0.14 | E5: Apache 2.4.52 | F5: WEB Service

Sheet 2-1. 요약결과(그래프)
B2: ※ 대상별 평균 점수 그래프
B4: 진단 대상 | C4: 평균 | D4: 수량
B5: Apache | C5: =AVERAGE('2-2. 요약 진단결과(Apache)'!F25:F25) -> 0.22222222 | D5: =COUNTA(#REF!) -> 1
B17: 전체 | D17: =COUNTA('1. 진단 대상'!#REF!) -> 1
B18: 안전(85이상) | C18: =D18/$D$17 -> 0 | D18: =COUNTIF('2-2. 요약 진단결과(Apache)'!F25:F25,">=0.85") -> 0
B19: 양호(70~85미만) | C19: =D19/$D$17 -> 0 | D19: =D17-(D18+D20) -> 0
B20: 취약(70미만) | C20: =D20/$D$17 -> 1 | D20: =COUNTIF('2-2. 요약 진단결과(Apache)'!F25:F25,"<0.7") -> 1
V34: Apache
V35: NO. | W35: Hostname | X35: 점수
V36: 1 | W36: =HLOOKUP($V36,'2-2. 요약 진단결과(Apache)'!$F$3:$F$27,2,0) -> jwp-web-01 | X36: =HLOOKUP($V36,'2-2. 요약 진단결과(Apache)'!$F$3:$F$25,23,0) -> 0.22222222
B71: 진단 도메인 | C71: 평균 점수 | D71: 총 평균
B72: ='2-2. 요약 진단결과(Apache)'!B6 -> 1. 설정 | C72: ='2-2. 요약 진단결과(Apache)'!H6 -> 0.14285714 | D72: =$C$5 -> 0.22222222
B73: ='2-2. 요약 진단결과(Apache)'!B20 -> 2. 솔루션 취약점 | C73: ='2-2. 요약 진단결과(Apache)'!H20 -> 0.33333333 | D73: =$C$5 -> 0.22222222
B74: ='2-2. 요약 진단결과(Apache)'!B23 -> 3. 보안패치 | C74: ='2-2. 요약 진단결과(Apache)'!H23 -> 1 | D74: =$C$5 -> 0.22222222

Sheet 2-2. 요약 진단결과(Apache)
B2: Apache 취약점 진단 요약결과(18항목)
B3: 진단항목 | C3: No. | D3: 세부 진단항목 | E3: 중 요 도 | F3: 1
F4: =VLOOKUP(F$3,'1. 진단 대상'!$B5:$F$5,2,FALSE) -> jwp-web-01
F5: =VLOOKUP(F$3,'1. 진단 대상'!$B5:$F$5,3,FALSE) -> 10.0.0.14 | H5: 영역별점수 | I5: 점수 | J5: 양호 | K5: 취약 | L5: N/A
B6: 1. 설정 | C6: 1 | D6: 데몬 관리 | E6: 상 | F6: =HLOOKUP(F$3,'3-1. 진단 결과(Apache)'!$F$3:$G$23,ROW(A4),FALSE) -> 양호 | H6: =IF(COUNTIF(I6:I19,"N/A")=COUNTA(I6:I19),"N/A",AVERAGE(I6:I19)) -> 0.14285714 | I6: =IF(COUNTIF($F6:$F6,"N/A")=COUNTA($F6:$F6),"N/A",$J6/(COUNTA($F6:$F6)-$L6)) -> 1 | J6: =COUNTIF($F6:$F6,"양호") -> 1 | K6: =COUNTIF($F6:$F6,"취약") -> 0 | L6: =COUNTIF($F6:$F6,"N/A") -> 0
C7: 2 | D7: 관리 서버 디렉터리 권한 설정 | E7: 중 | F7: =HLOOKUP(F$3,'3-1. 진단 결과(Apache)'!$F$3:$G$23,ROW(A5),FALSE) -> 취약 | I7: =IF(COUNTIF($F7:$F7,"N/A")=COUNTA($F7:$F7),"N/A",$J7/(COUNTA($F7:$F7)-$L7)) -> 0 | J7: =COUNTIF($F7:$F7,"양호") -> 0 | K7: =COUNTIF($F7:$F7,"취약") -> 1 | L7: =COUNTIF($F7:$F7,"N/A") -> 0
C8: 3 | D8: 설정 파일 권한 설정 | E8: 상 | F8: =HLOOKUP(F$3,'3-1. 진단 결과(Apache)'!$F$3:$G$23,ROW(A6),FALSE) -> 취약 | I8: =IF(COUNTIF($F8:$F8,"N/A")=COUNTA($F8:$F8),"N/A",$J8/(COUNTA($F8:$F8)-$L8)) -> 0 | J8: =COUNTIF($F8:$F8,"양호") -> 0 | K8: =COUNTIF($F8:$F8,"취약") -> 1 | L8: =COUNTIF($F8:$F8,"N/A") -> 0
C9: 4 | D9: 디렉터리 검색 기능 제거 | E9: 중 | F9: =HLOOKUP(F$3,'3-1. 진단 결과(Apache)'!$F$3:$G$23,ROW(A7),FALSE) -> 취약 | I9: =IF(COUNTIF($F9:$F9,"N/A")=COUNTA($F9:$F9),"N/A",$J9/(COUNTA($F9:$F9)-$L9)) -> 0 | J9: =COUNTIF($F9:$F9,"양호") -> 0 | K9: =COUNTIF($F9:$F9,"취약") -> 1 | L9: =COUNTIF($F9:$F9,"N/A") -> 0
C10: 5 | D10: 로그 디렉터리/파일 권한 설정 | E10: 중 | F10: =HLOOKUP(F$3,'3-1. 진단 결과(Apache)'!$F$3:$G$23,ROW(A8),FALSE) -> 취약 | I10: =IF(COUNTIF($F10:$F10,"N/A")=COUNTA($F10:$F10),"N/A",$J10/(COUNTA($F10:$F10)-$L10)) -> 0 | J10: =COUNTIF($F10:$F10,"양호") -> 0 | K10: =COUNTIF($F10:$F10,"취약") -> 1 | L10: =COUNTIF($F10:$F10,"N/A") -> 0
C11: 6 | D11: 로그 포맷 설정 | E11: 상 | F11: =HLOOKUP(F$3,'3-1. 진단 결과(Apache)'!$F$3:$G$23,ROW(A9),FALSE) -> 양호 | I11: =IF(COUNTIF($F11:$F11,"N/A")=COUNTA($F11:$F11),"N/A",$J11/(COUNTA($F11:$F11)-$L11)) -> 1 | J11: =COUNTIF($F11:$F11,"양호") -> 1 | K11: =COUNTIF($F11:$F11,"취약") -> 0 | L11: =COUNTIF($F11:$F11,"N/A") -> 0
C12: 7 | D12: 로그 저장 주기 | E12: 상 | F12: =HLOOKUP(F$3,'3-1. 진단 결과(Apache)'!$F$3:$G$23,ROW(A10),FALSE) -> 취약 | I12: =IF(COUNTIF($F12:$F12,"N/A")=COUNTA($F12:$F12),"N/A",$J12/(COUNTA($F12:$F12)-$L12)) -> 0 | J12: =COUNTIF($F12:$F12,"양호") -> 0 | K12: =COUNTIF($F12:$F12,"취약") -> 1 | L12: =COUNTIF($F12:$F12,"N/A") -> 0
C13: 8 | D13: 헤더 정보 노출 방지 | E13: 하 | F13: =HLOOKUP(F$3,'3-1. 진단 결과(Apache)'!$F$3:$G$23,ROW(A11),FALSE) -> 취약 | I13: =IF(COUNTIF($F13:$F13,"N/A")=COUNTA($F13:$F13),"N/A",$J13/(COUNTA($F13:$F13)-$L13)) -> 0 | J13: =COUNTIF($F13:$F13,"양호") -> 0 | K13: =COUNTIF($F13:$F13,"취약") -> 1 | L13: =COUNTIF($F13:$F13,"N/A") -> 0
C14: 9 | D14: HTTP Method 제한 | E14: 하 | F14: =HLOOKUP(F$3,'3-1. 진단 결과(Apache)'!$F$3:$G$23,ROW(A12),FALSE) -> 취약 | I14: =IF(COUNTIF($F14:$F14,"N/A")=COUNTA($F14:$F14),"N/A",$J14/(COUNTA($F14:$F14)-$L14)) -> 0 | J14: =COUNTIF($F14:$F14,"양호") -> 0 | K14: =COUNTIF($F14:$F14,"취약") -> 1 | L14: =COUNTIF($F14:$F14,"N/A") -> 0
C15: 10 | D15: 에러 메시지 관리 | E15: 중 | F15: =HLOOKUP(F$3,'3-1. 진단 결과(Apache)'!$F$3:$G$23,ROW(A13),FALSE) -> 취약 | I15: =IF(COUNTIF($F15:$F15,"N/A")=COUNTA($F15:$F15),"N/A",$J15/(COUNTA($F15:$F15)-$L15)) -> 0 | J15: =COUNTIF($F15:$F15,"양호") -> 0 | K15: =COUNTIF($F15:$F15,"취약") -> 1 | L15: =COUNTIF($F15:$F15,"N/A") -> 0
C16: 11 | D16: FollowSymLinks 옵션 비활성화 | E16: 중 | F16: =HLOOKUP(F$3,'3-1. 진단 결과(Apache)'!$F$3:$G$23,ROW(A14),FALSE) -> 취약 | I16: =IF(COUNTIF($F16:$F16,"N/A")=COUNTA($F16:$F16),"N/A",$J16/(COUNTA($F16:$F16)-$L16)) -> 0 | J16: =COUNTIF($F16:$F16,"양호") -> 0 | K16: =COUNTIF($F16:$F16,"취약") -> 1 | L16: =COUNTIF($F16:$F16,"N/A") -> 0
C17: 12 | D17: MultiViews 옵션 비활성화 | E17: 중 | F17: =HLOOKUP(F$3,'3-1. 진단 결과(Apache)'!$F$3:$G$23,ROW(A15),FALSE) -> 취약 | I17: =IF(COUNTIF($F17:$F17,"N/A")=COUNTA($F17:$F17),"N/A",$J17/(COUNTA($F17:$F17)-$L17)) -> 0 | J17: =COUNTIF($F17:$F17,"양호") -> 0 | K17: =COUNTIF($F17:$F17,"취약") -> 1 | L17: =COUNTIF($F17:$F17,"N/A") -> 0
C18: 13 | D18: 상위 디렉터리 접근 금지 설정 | E18: 상 | F18: =HLOOKUP(F$3,'3-1. 진단 결과(Apache)'!$F$3:$G$23,ROW(A16),FALSE) -> 취약 | I18: =IF(COUNTIF($F18:$F18,"N/A")=COUNTA($F18:$F18),"N/A",$J18/(COUNTA($F18:$F18)-$L18)) -> 0 | J18: =COUNTIF($F18:$F18,"양호") -> 0 | K18: =COUNTIF($F18:$F18,"취약") -> 1 | L18: =COUNTIF($F18:$F18,"N/A") -> 0
C19: 14 | D19: 웹 서비스 영역 분리 설정 | E19: 상 | F19: =HLOOKUP(F$3,'3-1. 진단 결과(Apache)'!$F$3:$G$23,ROW(A17),FALSE) -> 취약 | I19: =IF(COUNTIF($F19:$F19,"N/A")=COUNTA($F19:$F19),"N/A",$J19/(COUNTA($F19:$F19)-$L19)) -> 0 | J19: =COUNTIF($F19:$F19,"양호") -> 0 | K19: =COUNTIF($F19:$F19,"취약") -> 1 | L19: =COUNTIF($F19:$F19,"N/A") -> 0
B20: 2. 솔루션 취약점 | C20: 1 | D20: 불필요한 파일 삭제 | E20: 하 | F20: =HLOOKUP(F$3,'3-1. 진단 결과(Apache)'!$F$3:$G$23,ROW(A18),FALSE) -> 양호 | H20: =IF(COUNTIF(I20:I22,"N/A")=COUNTA(I20:I22),"N/A",AVERAGE(I20:I22)) -> 0.33333333 | I20: =IF(COUNTIF($F20:$F20,"N/A")=COUNTA($F20:$F20),"N/A",$J20/(COUNTA($F20:$F20)-$L20)) -> 1 | J20: =COUNTIF($F20:$F20,"양호") -> 1 | K20: =COUNTIF($F20:$F20,"취약") -> 0 | L20: =COUNTIF($F20:$F20,"N/A") -> 0
C21: 2 | D21: 기본 문서명 사용 제한 | E21: 하 | F21: =HLOOKUP(F$3,'3-1. 진단 결과(Apache)'!$F$3:$G$23,ROW(A19),FALSE) -> 취약 | I21: =IF(COUNTIF($F21:$F21,"N/A")=COUNTA($F21:$F21),"N/A",$J21/(COUNTA($F21:$F21)-$L21)) -> 0 | J21: =COUNTIF($F21:$F21,"양호") -> 0 | K21: =COUNTIF($F21:$F21,"취약") -> 1 | L21: =COUNTIF($F21:$F21,"N/A") -> 0
C22: 3 | D22: SSL v3.0 POODLE 취약점 | E22: 상 | F22: =HLOOKUP(F$3,'3-1. 진단 결과(Apache)'!$F$3:$G$23,ROW(A20),FALSE) -> 취약 | I22: =IF(COUNTIF($F22:$F22,"N/A")=COUNTA($F22:$F22),"N/A",$J22/(COUNTA($F22:$F22)-$L22)) -> 0 | J22: =COUNTIF($F22:$F22,"양호") -> 0 | K22: =COUNTIF($F22:$F22,"취약") -> 1 | L22: =COUNTIF($F22:$F22,"N/A") -> 0
B23: 3. 보안패치 | C23: 1 | D23: 보안 패치 적용 | E23: 상 | F23: =HLOOKUP(F$3,'3-1. 진단 결과(Apache)'!$F$3:$G$23,ROW(A21),FALSE) -> 양호 | H23: =IF(COUNTIF(I23:I23,"N/A")=COUNTA(I23:I23),"N/A",AVERAGE(I23:I23)) -> 1 | I23: =IF(COUNTIF($F23:$F23,"N/A")=COUNTA($F23:$F23),"N/A",$J23/(COUNTA($F23:$F23)-$L23)) -> 1 | J23: =COUNTIF($F23:$F23,"양호") -> 1 | K23: =COUNTIF($F23:$F23,"취약") -> 0 | L23: =COUNTIF($F23:$F23,"N/A") -> 0
B24: 점검결과 | C24: 취약항목 개수 | F24: =COUNTIF(F$6:F$23, "취약") -> 14
C25: 보안 적용율 (양호항목 / 진단항목) % | F25: =(COUNTIF(F$6:F$23,"양호"))/(COUNTA(F$6:F$23)-COUNTIF(F$6:F$23,"N/A")) -> 0.22222222

Sheet 3-1. 진단 결과(Apache)
B2: Apache 취약점 진단 상세결과(18항목)
B3: 진단항목 | C3: No. | D3: 세부 진단항목 | E3: 진단기준 | F3: 1 | G3: =VLOOKUP(F$3,'1. 진단 대상'!$B$5:$F$5,2,FALSE) -> jwp-web-01
G4: =VLOOKUP(F$3,'1. 진단 대상'!$B$5:$F$5,3,FALSE) -> 10.0.0.14
G5: =VLOOKUP(F$3,'1. 진단 대상'!$B$5:$F$5,5,FALSE) -> WEB Service
B6: 1. 설정 | C6: 1 | D6: 데몬 관리 | E6: 양호 - 로그인 불가한 전용 Web Server 계정으로 설정 및 데몬이 구동 중인 경우 취약 - 로그인 가능한 전용 Web Server 계정으로 설정 및 데몬이 구동 중인 경우 | F6: 양호
C7: 2 | D7: 관리 서버 디렉터리 권한 설정 | E7: 양호 - 전용 Web Server 계정 소유이고, 750(drwxr-x---) 권한인 경우 취약 - 전용 Web Server 계정 소유가 아니거나, 750(drwxr-x---) 권한 초과인 경우 | F7: 취약 | G7: 관리 서버의 디렉터리인 /etc/apache2/가 root 소유이며, 권한은 755로 설정되어 있어 일반 사용자에 불필요한 권한이 부여됨
C8: 3 | D8: 설정 파일 권한 설정 | E8: 양호 - 전용 Web Server 계정 소유이고, 600(-rw-------) 또는 700(-rwx-------) 권한인 경우 취약 - 전용 Web Server 계정 소유가 아니거나, 600(-rw-------) 또는 700(-rwx-------) 권한 초과인 경우 | F8: 취약 | G8: Web Server 관련 파일 및 디렉터리 권한이 644, 777로 설정되어 있어 그룹과 일반 사용자에 불필요한 권한이 부여됨
C9: 4 | D9: 디렉터리 검색 기능 제거 | E9: 양호 - IncludesNoExec 또는 -Indexes 옵션이 설정되어 있을 경우 취약 - Indexes 옵션이 설정되어 있을 경우 | F9: 취약 | G9: Indexes 옵션이 설정되어 있어 디렉터리 검색이 가능함
C10: 5 | D10: 로그 디렉터리/파일 권한 설정 | E10: 양호 - 전용 Web Server 계정 소유이고, 디렉터리는 750(drwxr-x---), 파일은 640(-rw-r-----) 권한인 경우 취약 - 전용 Web Server 계정 소유가 아니거나, 디렉터리는 750(drwxr-x---), 파일은 640(-rw-r-----) 초과인 경우 | F10: 취약 | G10: 로그 디렉터리/파일 소유자가 전용 Web Server 계정이 아닌 root 계정으로 설정됨
C11: 6 | D11: 로그 포맷 설정 | E11: 양호 - 로그 포맷 설정 값이 combined 이거나 그에 준하는 포맷 스트링으로 설정되어 있는 경우 취약 - 로그 포맷 설정 값이 combined가 아니거나 그에 준하지 않는 포맷 스트링으로 설정되어 있는 경우 | F11: 양호
C12: 7 | D12: 로그 저장 주기 | E12: 양호 - 로그 저장 주기 기준에 맞게 운영 중일 경우 취약 - 로그 저장 주기 기준에 맞게 운영 중이 아닐 경우 | F12: 취약 | G12: 담당자 인터뷰 결과 로그 관리 정책이 없는 것을 확인
C13: 8 | D13: 헤더 정보 노출 방지 | E13: 양호 - ServerTokens 설정 값이 Prod이고, ServerSignature 설정 값이 Off 이거나, SecRuleEngine on, ServerTokens Minimal, SecServerSignatue 설정 값이 존재할 경우 취약 - ServerTokens 설정 값이 Prod가 아니고, ServerSignature 설정 값이 On 이거나, SecRuleEngine on, ServerTokens Minimal, SecServerSignatue 설정 값이 존재하지 않을 경우 | F13: 취약 | G13: ServerTokens 설정 값이 OS이고, ServerSignature 설정 값이 On으로 설정되어 있음
C14: 9 | D14: HTTP Method 제한 | E14: 양호 - LimitExcept를 설정했거나 TraceEnable, Dav 설정 값이 Off 인 경우 취약 - LimitExcept를 설정하지 않았거나 TraceEnable, Dav 설정 값이 On 인 경우 | F14: 취약 | G14: LimitExcept 설정 값이 존재하지 않음
C15: 10 | D15: 에러 메시지 관리 | E15: 양호 - 필수 에러 코드 핸들링 설정 및 에러 페이지가 존재하는 경우 취약 - 필수 에러 코드 핸들링 설정 및 에러 페이지가 존재하지 않는 경우 | F15: 취약 | G15: ErrorDocument 설정이 주석 처리되어 있음
C16: 11 | D16: FollowSymLinks 옵션 비활성화 | E16: 양호 - -FollowSymLinks 설정이 존재하거나 FollowSymLinks 설정이 존재하지 않는 경우 취약 - FollowSymLinks 설정이 존재하는 경우 | F16: 취약 | G16: FollowSymLinks 설정이 존재함
C17: 12 | D17: MultiViews 옵션 비활성화 | E17: 양호 - -MultiViews 설정이 존재하거나 MultiViews 설정이 존재하지 않는 경우 취약 - MultiViews 설정이 존재하는 경우 | F17: 취약 | G17: Apache 설정 파일(userdir.conf)에서 MultiViews 옵션이 활성화되어 있음
C18: 13 | D18: 상위 디렉터리 접근 금지 설정 | E18: 양호 - 상위 디렉터리에 이동 제한이 설정되어 있는 경우 취약 - 상위 디렉터리에 이동 제한이 설정되어 있지 않은 경우 | F18: 취약 | G18: AllowOverride 값이 None으로 설정되어 있음
C19: 14 | D19: 웹 서비스 영역 분리 설정 | E19: 양호 - DocumentRoot가 유추할 수 없는 디렉터리로 설정되어 있을 경우 취약 - DocumentRoot가 기본 디렉터리로 설정되어 있을 경우 | F19: 취약 | G19: DocumentRoot가 기본 디렉터리인 /var/www/html로 설정되어 있음
B20: 2. 솔루션 취약점 | C20: 1 | D20: 불필요한 파일 삭제 | E20: 양호 - 불필요한 디렉터리 및 스크립트가 존재하지 않는 경우 취약 - 불필요한 디렉터리 및 스크립트가 존재하는 경우 | F20: 양호
C21: 2 | D21: 기본 문서명 사용 제한 | E21: 양호 - 기본 문서명이 index.html이 아닐 경우 취약 - 기본 문서명이 index.html일 경우 | F21: 취약 | G21: 기본 문서명(DirectoryIndex)이 index.html로 설정되어 있음
C22: 3 | D22: SSL v3.0 POODLE 취약점 | E22: 양호 - 암호화 통신 프로토콜에서 TLS가 설정되어 있는 경우 취약 - 암호화 통신 프로토콜에서 TLS가 설정되어 있지 않는 경우 | F22: 취약 | G22: SSLProtocol 설정에 -SSLv2 값이 빠져있음
B23: 3. 보안 패치 | C23: 1 | D23: 보안 패치 적용 | E23: 양호 - Apache 권고 기준 이상 버전을 적용 중인 경우 취약 - Apache 권고 기준 이상 버전을 적용 중이지 않은 경우 | F23: 양호
B24: 점검결과 | C24: 취약항목 개수 | F24: =COUNTIF(F$6:F$23,"취약") -> 14
C25: 보안 적용율 (양호항목 / 진단항목) % | F25: =(COUNTIF(F$6:F$23,"양호"))/(COUNTA(F$6:F$23)-COUNTIF(F$6:F$23,"N/A")) -> 0.22222222
